"image","xmin","ymin","xmax","ymax","label"
"04.JPG",0,0.11363636363636363,105,104.99999999999999,"occupied"
"07.JPG",109.94318181818181,104.54545454545455,109.94318181818181,104.54545454545455,"occupied"
"07.JPG",0.28409090909090906,0.3409090909090909,109.60227272727272,104.54545454545455,"occupied"
"a1.JPG",0.4016447368421053,0.23160173160173161,109.47532894736841,107,"occupied"
"a2.JPG",0.26267250530785563,0.3409090909090909,106.58114384288749,104.54545454545455,"occupied"
"a3.JPG",0.33018488745980706,0.11363636363636363,106,104.99999999999999,"occupied"
"a4.JPG",0.21161575562700963,0,108,107,"occupied"
"a5.JPG",0.484192348565356,0.11471861471861472,108,106,"occupied"
"a6.JPG",0.19353693181818182,0.33766233766233766,109,104,"occupied"
"a8.JPG",0.26383023648648646,0.22077922077922077,98,102,"occupied"
"a9.JPG",0.09483432878270762,0.33116883116883117,97,101.99999999999999,"occupied"
"aa1.JPG",0.04505461165048544,0.24025974025974023,66,74,"occupied"
"aa2.JPG",0,0.07575757575757576,64,70,"occupied"
"aa3.JPG",0,0.3116883116883117,71,72,"occupied"
"aa4.JPG",0.09734762979683972,0.23376623376623376,69,72,"occupied"
"aa5.JPG",0.24608576175869118,0.14935064935064934,73,69,"occupied"
"aa6.JPG",0.1438821752265861,0.21753246753246752,72,67,"occupied"
"aa7.JPG",0.1893939393939394,0.4545454545454546,70,70,"occupied"
"aa8.JPG",0.16895988805970147,0.0735930735930736,68.80115605010661,68,"occupied"
"aa9.JPG",0.11525974025974026,0,71,71,"occupied"
"aaa1.JPG",0.11897590361445783,0.19047619047619047,79,88,"occupied"
"aaa2.JPG",0,0.2857142857142857,84.50027995520718,88,"occupied"
"aaa3.JPG",0.17841656698564592,0.20562770562770563,86,95,"occupied"
"aaa4.JPG",0.3343640222482436,0,85,92,"occupied"
"aaa5.JPG",0.13999406175771972,0.19480519480519481,82,89.31818181818183,"occupied"
"aaa6.JPG",0.25689655172413794,0.22077922077922077,96,102,"occupied"
"aaa7.JPG",0.09539859320046892,0.19696969696969696,84,91,"occupied"
"aaa8.JPG",0.1674264705882353,0.5411255411255411,91.62625,100,"occupied"
"aaa9.JPG",0.38901417525773196,0.21645021645021645,83.73952963917526,99.89177489177489,"occupied"
"b1.JPG",0.23169084186575653,0.3344155844155844,98,99.87878787878788,"occupied"
"b2.JPG",0.6018901766004414,0.6623376623376623,99.99999999999999,101.44805194805194,"occupied"
"b3.JPG",0.17419763513513514,0.4458874458874459,99,102.33116883116884,"occupied"
"b4.JPG",0.3708984375,0.6753246753246753,99,103.66233766233766,"occupied"
"b6.JPG",0.44379218222722155,0.7954545454545454,100.64851659167604,104.6590909090909,"occupied"
"b7.JPG",0.6535848662207357,0.551948051948052,98.32917015050167,100.78571428571428,"occupied"
"b8.JPG",0.39413016183035715,0.4329004329004329,95.98676409040179,100,"occupied"
"b9.JPG",0.1776939655172414,0.6688311688311688,96.28573994252874,102.66558441558442,"occupied"
"bb1.JPG",0.2293079096045198,0.6147186147186147,67.99879943502825,70.84632034632034,"occupied"
"bb2.JPG",0.6229300213675214,0.5681818181818181,75.16139155982907,74.10714285714285,"occupied"
"bb3.JPG",0.7083333333333333,0.6666666666666666,70.70833333333333,76.75,"occupied"
"bb4.JPG",0.396988199780461,0.7792207792207793,70.227943194292,71.37662337662337,"occupied"
"bb5.JPG",0.09135200974421437,1.1688311688311688,63.779537149817294,71.06493506493507,"occupied"
"bb6.JPG",0.49242424242424243,1.3636363636363638,69.58333333333334,69.16666666666667,"occupied"
"bb7.JPG",0.5443372969837587,0.974025974025974,68.92020736658932,73.78246753246754,"occupied"
"bb8.JPG",0.49945887445887444,0.6147186147186147,69.80898268398269,69.69372294372293,"occupied"
"bb9.JPG",0.30694328316610925,1.0454545454545454,65.96246167781493,68.1038961038961,"occupied"
"bbb1.JPG",0.7018900343642611,0.9848484848484849,85.02720504009163,89.91666666666666,"occupied"
"bbb2.JPG",0.9523809523809523,0.7619047619047619,81.6190476190476,87.04761904761904,"occupied"
"bbb3.JPG",1.2272727272727273,0.2727272727272727,77.31818181818183,81.54545454545455,"occupied"
"bbb4.JPG",0.3367823511543135,2.396103896103896,72.53848344471446,81.46753246753248,"occupied"
"bbb5.JPG",1.1858836206896552,0.6753246753246753,70.75068742568371,77.74675324675324,"occupied"
"bbb6.JPG",0.5620833333333334,1.012987012987013,74.53541666666666,77.49350649350649,"occupied"
"bbb7.JPG",0.29045245398773006,0.7359307359307359,74.83032975460122,80.76839826839826,"occupied"
"bbb8.JPG",0.19875141083521447,0.39502164502164505,69.25067014672686,72.36796536796537,"occupied"
"bbb9.JPG",1.6658653846153846,1.4718614718614718,89.5889423076923,79.3073593073593,"occupied"
"c1.JPG",0.5690001409244645,1.420995670995671,96.47542629650508,100.67207792207792,"occupied"
"c2.JPG",0.43284908026755853,0.9935064935064934,97.77733068561872,100.89610389610388,"occupied"
"c3.JPG",0.41311315496098105,0.5465367965367965,96.55581103678931,100.23484848484848,"occupied"
"c4.JPG",1.6985149211711712,0.9935064935064934,98,100.67532467532466,"occupied"
"c5.JPG",1.4208199356913183,0.5411255411255411,100.1475080385852,99.67532467532467,"occupied"
"c6.JPG",0.3217207233065442,1.800865800865801,97.19657721010333,102.64935064935067,"occupied"
"c7.JPG",0.4915149006622516,0.9935064935064934,98.94626103752759,100.56493506493506,"occupied"
"c8.JPG",1.852906050955414,1.4772727272727273,106.46755573248407,104.43181818181819,"occupied"
"c9.JPG",0.8030127462340672,1.4913419913419914,98.42641946697566,104.96753246753248,"occupied"
"cc1.JPG",0.7792207792207793,0.6233766233766234,65.45454545454545,71.14285714285715,"occupied"
"cc2.JPG",0.12421312949640288,2.0259740259740258,64.03308603117506,70.59740259740259,"occupied"
"cc3.JPG",0.584088602088167,2.0822510822510822,68.22329973897912,72.95887445887445,"occupied"
"cc4.JPG",0.7682638888888889,1.2337662337662338,73.28826388888888,74.93073593073593,"occupied"
"cc5.JPG",0.3343063186813187,0.5075757575757576,66,67,"occupied"
"cc6.JPG",0.22012538382804503,0.8333333333333334,73.23547850562949,69.84848484848484,"occupied"
"cc7.JPG",0.9139810254924682,1.3982683982683983,70.43310037659327,74.76623376623377,"occupied"
"cc8.JPG",0.16394287396937574,0.6406926406926406,68,72.63852813852813,"occupied"
"cc9.JPG",0.5085071350164654,0.7467532467532467,67.09028540065862,67.87987012987013,"occupied"
"ccc1.JPG",0.7200520833333334,1.0692640692640694,78.32109374999999,75.25974025974025,"occupied"
"ccc2.JPG",0.2814041940789474,0.8225108225108225,74.70574629934211,75.0952380952381,"occupied"
"ccc3.JPG",0.16792097836312322,0.474025974025974,83.1406396989652,72.68398268398269,"occupied"
"ccc4.JPG",1.1633814887365328,0.7402597402597403,83.51793584720862,75.5887445887446,"occupied"
"ccc5.JPG",0.8891779556650247,1.4902597402597402,88.0477986453202,80.12337662337663,"occupied"
"ccc6.JPG",0.2857142857142857,0.7619047619047619,97.14285714285714,86.85714285714285,"occupied"
"ccc7.JPG",0.541519538606403,0.9426406926406926,75.94641596045197,66.56493506493507,"occupied"
"ccc8.JPG",0.45520934761441095,0.4675324675324675,78.7414800389484,71.22077922077922,"occupied"
"ccc9.JPG",0.2800797064777328,0.4675324675324675,76.65659792510122,71.29870129870129,"occupied"
"d1.JPG",0.5949346209213051,0.551948051948052,113.0565469049904,100.78571428571428,"occupied"
"d2.JPG",0.6236776169265034,1.4913419913419914,102.70608296213808,104.73809523809524,"occupied"
"d3.JPG",0.7137353878852285,2.2943722943722946,106.7626195536663,105.42640692640693,"occupied"
"d4.JPG",1.1206709956709957,2.3593073593073592,107.87932900432901,108.64610389610391,"occupied"
"d5.JPG",0.13209757442116868,1.0714285714285714,106.94135887541344,109.28571428571428,"occupied"
"d6.JPG",0.49633789062500006,1.0032467532467533,105.93592122395835,101.77380952380953,"occupied"
"d7.JPG",2.2074877197518097,1.051948051948052,111.81865628231644,107.06493506493506,"occupied"
"d8.JPG",0.9410201912858661,1.6666666666666665,110.32252922422956,109.04761904761905,"occupied"
"d9.JPG",0.8982449088960343,0.6818181818181818,105.99999999999999,104.0909090909091,"occupied"
"dd1.JPG",0.09734762979683972,0.3116883116883117,68.55220090293453,71.37662337662337,"occupied"
"dd2.JPG",0.639,0.974025974025974,70.58414285714285,73.05194805194806,"occupied"
"dd3.JPG",0.8928571428571428,1.7142857142857142,65.39285714285714,65.71428571428571,"occupied"
"dd4.JPG",1.069120197438634,1.4393939393939394,69.56858657950907,69.01515151515152,"occupied"
"dd5.JPG",0.8489004044489383,0.38419913419913415,74.389850859454,70.38528138528137,"occupied"
"dd6.JPG",1.2678571428571428,1.2294372294372293,69.96266233766232,70.53896103896103,"occupied"
"dd7.JPG",0.14684959349593496,0.6320346320346321,67.35707026713123,72.05194805194806,"occupied"
"dd8.JPG",0.6439393939393939,0.5303030303030303,69.58333333333333,69.39393939393939,"occupied"
"dd9.JPG",0.49242424242424243,0.8333333333333334,69.50757575757576,69.0909090909091,"occupied"
"ddd1.JPG",0.16772388059701493,0.7792207792207791,86.73488805970149,78.7012987012987,"occupied"
"ddd2.JPG",0.6818181818181819,0.7272727272727273,86.95454545454547,83.54545454545456,"occupied"
"ddd3.JPG",1.0408489199157007,0.8116883116883117,76.09353595890411,73.29545454545455,"occupied"
"ddd4.JPG",0.48214285714285715,0.7012987012987013,79.90422077922078,79.1590909090909,"occupied"
"ddd5.JPG",0.911389802631579,0.42748917748917753,77.11533717105263,77.20454545454545,"occupied"
"ddd6.JPG",1.1886907826982491,1.4534632034632036,82.0517185890834,78.14502164502164,"occupied"
"ddd7.JPG",0.4394316095471236,1.3506493506493507,68.8482443390453,76.64935064935065,"occupied"
"ddd8.JPG",0.4583333333333333,0.8333333333333333,79.54166666666666,76.49999999999999,"occupied"
"ddd9.JPG",0.34003058954393767,1.37987012987013,71.87840656284762,74.18831168831169,"occupied"
"e1.JPG",1.262704918032787,1.25,102.64849726775957,103.63636363636363,"occupied"
"e2.JPG",3.0229558516196446,1.4415584415584415,112.37509796238244,109.67857142857143,"occupied"
"e3.JPG",2.5189780042918457,1.3452380952380951,111.99322693133047,111.53246753246754,"occupied"
"e4.JPG",2.3926673751328376,0.8484848484848485,112.63708820403825,110.78787878787878,"occupied"
"e5.JPG",0.32194522471910114,2.380952380952381,104.0590238764045,107.14285714285714,"occupied"
"e6.JPG",1.0365519662921348,1.6666666666666665,103.70172050561798,108.57142857142857,"occupied"
"e7.JPG",1.8071409431939978,1.3636363636363635,104.62600482315112,103.29545454545453,"occupied"
"e8.JPG",0.6130952380952381,1.7835497835497836,100.38041125541126,101.88528138528139,"occupied"
"e9.JPG",0.921892419175028,0.33766233766233766,100.34552675585284,103.43722943722945,"occupied"
"ee1.JPG",1.2162135796045788,1.37987012987013,75.7260991155047,74.43181818181817,"occupied"
"ee2.JPG",0.5501893939393939,1.37987012987013,80.95390395894428,74.10714285714285,"occupied"
"ee3.JPG",0.6996951219512195,0.7900432900432901,66.7252468060395,71.3409090909091,"occupied"
"ee4.JPG",0.4767142857142857,1.2987012987012987,69.44814285714286,74.18831168831169,"occupied"
"ee5.JPG",0.6483907185628743,0.7900432900432901,64.75138473053893,71.89393939393939,"occupied"
"ee6.JPG",0.5085071350164654,1.0454545454545454,66.34385290889134,68.40259740259741,"occupied"
"ee7.JPG",1.188497340425532,1.0757575757575757,64.42135786052009,70.53896103896103,"occupied"
"ee8.JPG",1.3843383137673426,1.2294372294372293,69.7728121664888,70.84632034632034,"occupied"
"ee9.JPG",0.40042149631190727,1.6818181818181817,74.07797681770283,74,"occupied"
"eee1.JPG",0.48432221283783783,2.5324675324675323,73.11945734797297,74.11688311688312,"occupied"
"eee2.JPG",1.7916666666666665,2.25,76.70833333333333,75.33333333333333,"occupied"
"eee3.JPG",2.594818376068376,2.051948051948052,76.95379273504274,75.75108225108225,"occupied"
"eee4.JPG",1.2534950657894737,1.7099567099567101,74.72060032894737,73.95562770562772,"occupied"
"eee5.JPG",4.343844410876133,2.5108225108225106,79.08503272910373,74.11255411255411,"occupied"
"eee6.JPG",1.8103448275862069,3.49025974025974,74.91379310344827,74.83766233766234,"occupied"
"eee7.JPG",2.360818023833168,3.1233766233766236,81.70540590863952,78,"occupied"
"eee8.JPG",0.7792207792207793,1.3246753246753247,74.25974025974025,71.68831168831169,"occupied"
"eee9.JPG",3.27109375,2.303030303030303,77.16901041666667,73.45021645021644,"occupied"
"f1.JPG",1.6152629358830146,2.7532467532467533,98.45215832395951,101.18181818181819,"occupied"
"f2.JPG",4.217896174863388,1.8181818181818181,101.9665300546448,101.24999999999999,"occupied"
"f3.JPG",1.3663419913419914,0.9837662337662338,98.54058441558442,99.36038961038962,"occupied"
"f4.JPG",2.512978142076503,3.409090909090909,100.37527322404372,101.70454545454545,"occupied"
"f5.JPG",0.71712127720504,4.954545454545455,98.64381085337915,102.27597402597402,"occupied"
"f6.JPG",0.9584780092592593,5.211038961038962,97.37051504629629,103.9891774891775,"occupied"
"f7.JPG",0.5016233766233766,1.3376623376623376,98.15097402597402,101.66233766233766,"occupied"
"f8.JPG",2.6947261313465782,3.8636363636363633,99.78302635209714,102.72727272727272,"occupied"
"f9.JPG",0.6258947507953341,0.8571428571428571,96.9132754506893,98.03571428571428,"occupied"
"ff1.JPG",0.503810082063306,3.461038961038961,68.11459554513482,73.35714285714286,"occupied"
"ff2.JPG",0.44300629290617854,3.764069264069264,67.88007723112129,73.75974025974025,"occupied"
"ff3.JPG",2.482613277133825,2.7229437229437226,72.9567966280295,74,"occupied"
"ff4.JPG",1.2258506343713957,3.418831168831169,72.57994521337947,76.87987012987014,"occupied"
"ff5.JPG",0.5156830855018587,3.248917748917749,67.63464219330855,74.98160173160173,"occupied"
"ff6.JPG",2.624438622754491,4.108225108225108,65.46276197604791,73.00000000000001,"occupied"
"ff7.JPG",3.496212121212121,19.3030303030303,77.95075757575758,90.99999999999999,"occupied"
"ff8.JPG",1.7870435393258428,7.100649350649351,76.01850421348314,77.0551948051948,"occupied"
"ff9.JPG",3.709466374269006,6.753246753246753,73.90127923976607,76.27705627705627,"occupied"
"fff1.JPG",5.824050538277512,7.121212121212121,84.62189742822967,87.5909090909091,"occupied"
"fff2.JPG",3.0605577136514985,0.7694805194805195,75.70206714761377,71.732683982684,"occupied"
"fff3.JPG",5.832283680175246,3.682900432900433,81.09624863088719,79.67640692640693,"occupied"
"fff4.JPG",0.6971955128205128,2.3701298701298703,73.43258012820513,69.91883116883118,"occupied"
"fff5.JPG",4.674547697368421,5.557359307359308,76.43112664473685,73.52813852813853,"occupied"
"fff6.JPG",0.7034431561085973,3.2110389610389607,64.4636241515837,68.40259740259741,"occupied"
"fff7.JPG",1.6443792906178492,3.8441558441558437,68.76108409610984,69.83549783549783,"occupied"
"fff8.JPG",4.6920607218124335,0.2435064935064935,76.17467399894626,68.42532467532467,"occupied"
"fff9.JPG",2.0349233084862384,2.305194805194805,67,65.77489177489177,"occupied"
"g1.JPG",1.4777942004504505,3.422077922077922,95.28410050675674,100.89610389610388,"occupied"
"g2.JPG",3.708551045016077,2.1385281385281387,101.5059786977492,101.1861471861472,"occupied"
"g3.JPG",0.27076434878587197,2.4285714285714284,94.53125,98.35714285714286,"occupied"
"g4.JPG",2.28517316017316,2.786796536796537,100.60335497835497,101.32792207792207,"occupied"
"g5.JPG",2.391129557291667,1.2261904761904763,100.140087890625,98.20670995670996,"occupied"
"g6.JPG",2.279120879120879,0.9145021645021646,63.3956043956044,62.397186147186154,"occupied"
"g7.JPG",2.189386663007684,2.1969696969696972,65.50881586169045,66.51515151515152,"occupied"
"g8.JPG",2.1785714285714284,1.357142857142857,63.67857142857143,64.5,"occupied"
"g9.JPG",0.6531180400890868,2.3820346320346317,65.58073496659242,67.15800865800865,"occupied"
"gg1.JPG",4.420810370741483,2.435064935064935,77.46690255511021,72.80844155844156,"occupied"
"gg2.JPG",2.1126138952164006,6.666666666666666,73.61147494305239,77.40259740259741,"occupied"
"gg3.JPG",2.1818181818181817,0.23376623376623376,74.72727272727273,69.42857142857143,"occupied"
"gg4.JPG",3.5402724358974362,0.474025974025974,75.24899038461538,67.94372294372295,"occupied"
"gg5.JPG",4.375493726765799,0.5800865800865801,76.43125580855018,67.00000000000001,"occupied"
"gg6.JPG",2.6628999739854318,1.8419913419913418,74.85540777835588,71.75757575757575,"occupied"
"gg7.JPG",2.779652924130664,0.474025974025974,74.30230835089569,70.07683982683983,"occupied"
"gg8.JPG",2.2235576923076925,3.123376623376623,73.85817307692308,72.71861471861472,"occupied"
"gg9.JPG",0.23731470923603193,3.207792207792208,72.80287913340935,73.6948051948052,"occupied"
"h1.JPG",4.082910263446762,2.272727272727273,66.87215285400659,67.27272727272727,"occupied"
"h2.JPG",0.4272629310344828,2.912337662337662,62.88703304597702,66.6103896103896,"occupied"
"h3.JPG",3.202696212952799,4.207792207792208,66.01938117453348,68.1038961038961,"occupied"
"h4.JPG",2.0349233084862384,3.073593073593073,64.65533615252293,67.54220779220779,"occupied"
"h5.JPG",4.264198218262806,3.3333333333333335,64.91898663697106,66.66666666666667,"occupied"
"h6.JPG",0.32521315468940315,5.376623376623376,62.376370280146155,68.1038961038961,"occupied"
"h7.JPG",3.7293481045081966,2.9967532467532463,67.81746285860655,67.23484848484847,"occupied"
"h8.JPG",2.64308110367893,1.2510822510822512,62.5360576923077,64.39393939393939,"occupied"
"h9.JPG",4.200957177161153,2.103896103896104,67.85197105122732,66.93506493506493,"occupied"
"hh1.JPG",0.5535516093229744,3.7272727272727275,72.74001109877914,75.96536796536797,"occupied"
"hh2.JPG",0.7916666666666666,5.916666666666666,68.375,75.58333333333333,"occupied"
"hh3.JPG",1.9583333333333333,3,74.45833333333333,74.33333333333333,"occupied"
"hh4.JPG",0.4589342948717949,0.9285714285714286,74.0572248931624,72.17532467532467,"occupied"
"hh5.JPG",0.33618640801644395,2.1915584415584415,75.03300038540596,73.86363636363636,"occupied"
"hh6.JPG",0.9318181818181819,5.590909090909092,75.7435064935065,76.67532467532469,"occupied"
"hh7.JPG",1.625,3.5,77.29166666666666,74.83333333333333,"occupied"
"hh8.JPG",0.7916666666666666,3.083333333333333,76.20833333333333,76.16666666666666,"occupied"
"hh9.JPG",0.5604711451758341,2.5162337662337664,73.59924481514878,75,"occupied"
"hhh1.JPG",0.6648359288097886,2.5162337662337664,70.41678253615127,71.42857142857143,"occupied"
"hhh2.JPG",1.9706399895724716,2.906926406926407,80.03737617309699,75.83658008658008,"occupied"
"hhh3.JPG",0.5655395136778115,0.948051948051948,75.87860942249239,68.49675324675326,"occupied"
"hhh4.JPG",1.3614330874604845,0.6406926406926406,72.23603793466806,69.35497835497834,"occupied"
"hhh5.JPG",4.590184994861254,0.9870129870129871,79.65698869475847,74.19047619047619,"occupied"
"hhh6.JPG",0.5148418854415274,0.7445887445887446,75.44324284009546,77.9025974025974,"occupied"
"hhh7.JPG",0.766732283464567,0.42748917748917753,73.34715973003375,74.6396103896104,"occupied"
"hhh8.JPG",3.2412215628090997,0.4155844155844156,69.84854104846686,63.238095238095234,"occupied"
"hhh9.JPG",3.1889302059496565,2.4155844155844157,86.25529176201373,88.16883116883118,"occupied"
"i1.JPG",0.7261135057471265,3.1363636363636362,63.26059626436783,66.75974025974025,"occupied"
"i2.JPG",1.612358757062147,3.304112554112554,65.232697740113,68.54112554112552,"occupied"
"i3.JPG",0.6518957855504587,1.7673160173160172,63.34914349197248,64.08441558441558,"occupied"
"i4.JPG",3.171990010515247,2.575757575757576,64.78082281808622,66.01298701298701,"occupied"
"i5.JPG",6.95298324092742,1.471861471861472,71.1223380796371,66.82251082251084,"occupied"
"i6.JPG",1.0747916666666666,4.951298701298701,64.74509469696969,69.88636363636363,"occupied"
"i7.JPG",0.5980303452115813,3.3506493506493507,65.60916620267261,68.8051948051948,"occupied"
"i8.JPG",1.4991534988713318,3.818181818181818,65.74858916478556,68.4155844155844,"occupied"
"i9.JPG",1.9894346871569704,3.5551948051948052,67.03444017563118,68.73376623376623,"occupied"
"ii1.JPG",0.3349987586891758,2.025974025974026,75.03708416087389,71.66883116883116,"occupied"
"ii2.JPG",0,1.6168831168831168,73.70292207792208,74.37662337662337,"occupied"
"ii3.JPG",0.6157379876308278,1.343073593073593,73.66521467649856,71.73593073593074,"occupied"
"ii4.JPG",0.6168831168831169,3.3722943722943723,74.8073593073593,74.02597402597404,"occupied"
"ii5.JPG",0.4995284859521332,3.043290043290043,73.17278550988553,72.79870129870129,"occupied"
"ii6.JPG",4.017857142857143,5.681818181818182,75,75,"occupied"
"ii7.JPG",1.6392519466073414,2.353896103896104,71.95960789766407,72.80844155844156,"occupied"
"ii8.JPG",4.493100175233645,2.4545454545454546,74.93702540887851,75.38961038961038,"occupied"
"ii9.JPG",0.48375822368421056,6.241341991341992,70.52981085526315,75.8365800865801,"occupied"
"j1.JPG",2.7817979355203617,3.409090909090909,65.84062146493213,67.87878787878788,"occupied"
"j2.JPG",0.9063852813852814,1.0151515151515151,64.35335497835497,64.60714285714286,"occupied"
"j3.JPG",4.385874039517015,4.848484848484849,66.56918907793634,67.87878787878788,"occupied"
"j4.JPG",1.2450877926421406,1.5454545454545456,64.00762959866222,63.952380952380956,"occupied"
"j5.JPG",2.3074066771819135,3.5844155844155843,65.99089773922186,67.5064935064935,"occupied"
"j6.JPG",1.8777785400658618,3.038961038961039,66.25319017563118,68.4155844155844,"occupied"
"j7.JPG",3.1528481856990394,2.762987012987013,68.14751200640342,65.78896103896103,"occupied"
"j8.JPG",3.7042055433589463,2.5757575757575757,66.94789379802415,65.60606060606061,"occupied"
"j9.JPG",2.497294372294372,2.689393939393939,67.88798701298701,66.1590909090909,"occupied"
"jj1.JPG",5.771103896103896,2.222943722943723,77.50378787878788,73.6991341991342,"occupied"
"jj2.JPG",6.863804768041237,3.5064935064935066,78.89473260309278,74.60064935064936,"occupied"
"jj3.JPG",0.6363636363636364,3.909090909090909,68,76.18181818181819,"occupied"
"jj4.JPG",3.3664223095525996,2.512987012987013,75.5248261789601,74.45887445887446,"occupied"
"jj5.JPG",0.5412606577344702,4.295454545454546,72,77.75649350649351,"occupied"
"jj6.JPG",1.7683982683982684,2.54978354978355,73.32683982683983,73.03896103896105,"occupied"
"jj7.JPG",4.195579594017095,3.49025974025974,75.64857104700855,73.05194805194806,"occupied"
"jj8.JPG",3.4648103632478633,3.0032467532467533,74.9989983974359,73.45779220779221,"occupied"
"jj9.JPG",1.7630238439306358,4.811688311688312,72.99076950867052,74.70779220779221,"occupied"
"k1.JPG",2.1898663697104674,3.4577922077922074,65.58073496659243,67.77272727272727,"occupied"
"k2.JPG",2.074950340522134,2.6634199134199137,99.44384931895573,102.9469696969697,"occupied"
"k3.JPG",2.7086748633879782,0.787878787878788,102.6693306010929,102.87445887445887,"occupied"
"k4.JPG",0.722780652866242,0.7803030303030303,100.59539211783441,100.1017316017316,"occupied"
"k5.JPG",2.4166207276736493,1.0422077922077924,102.55443770672547,103.9891774891775,"occupied"
"k6.JPG",2.731060606060606,2.2294372294372296,101.7180735930736,102.4426406926407,"occupied"
"k7.JPG",0.9061495176848874,2.547619047619048,104.16016881028938,103.29437229437231,"occupied"
"k8.JPG",5.229490131578947,2.5238095238095237,106.77159539473683,103.7056277056277,"occupied"
"k9.JPG",0.6652865404837014,2.340909090909091,105.32774710830705,102.4426406926407,"occupied"
"kk1.JPG",0.9951356132075471,1.7857142857142856,78.63853183962264,71.99675324675326,"occupied"
"kk2.JPG",0.4087541163556531,0.711038961038961,69.24739297475301,70.55086580086581,"occupied"
"kk3.JPG",1.4583333333333333,5.333333333333333,71.70833333333333,76.16666666666666,"occupied"
"kk4.JPG",0.6448936855670102,3.0681818181818183,67.15520296391752,72.75974025974025,"occupied"
"kk5.JPG",3.160433070866142,5.984848484848485,74.03107424071992,77.37554112554113,"occupied"
"kk6.JPG",0.2537964004499438,1.7954545454545456,72.74873453318335,73.35714285714286,"occupied"
"kk7.JPG",0.2272727272727273,2.1818181818181817,67.50000000000001,74.0909090909091,"occupied"
"kk8.JPG",0.3853326612903226,1.1536796536796539,73.65952620967742,73.56926406926408,"occupied"
"kk9.JPG",0.30596793349168644,2.3084415584415585,72,75.32359307359307,"occupied"
"l1.JPG",1.215909090909091,1.7370129870129871,103.23647186147187,102.59956709956711,"occupied"
"l2.JPG",1.7808721083070451,2.4761904761904763,102.48013604100946,101.07359307359309,"occupied"
"l3.JPG",3.105506430868167,3.4740259740259742,105.78074758842443,104.3365800865801,"occupied"
"l4.JPG",3.353480340063762,3.0974025974025974,104.46718916046758,103.13203463203463,"occupied"
"l5.JPG",5.084122313203684,2.588744588744589,106.8650844421699,104,"occupied"
"l6.JPG",3.0494901315789473,1.8354978354978355,105.73896381578948,100.37878787878788,"occupied"
"l7.JPG",3.1006265281173593,5.149350649350649,107.27177567237163,111.96536796536796,"occupied"
"l8.JPG",3.441558441558441,5.064935064935065,108.1168831168831,104.4155844155844,"occupied"
"l9.JPG",3.1595870411568407,5.662337662337663,103.73578281423804,104.04545454545455,"occupied"
"ll1.JPG",3.766233766233766,0.6060606060606061,77.79220779220779,73.41991341991341,"occupied"
"ll2.JPG",0.3004807692307693,1.6818181818181817,71.77483974358975,71.67748917748918,"occupied"
"ll3.JPG",0.6925884046052632,1.7272727272727273,71.1695620888158,70.9004329004329,"occupied"
"ll4.JPG",0.8809272918861959,2.5627705627705626,73.03688092729188,73.5995670995671,"occupied"
"ll5.JPG",3.458333333333333,3.583333333333333,76.12499999999999,73.91666666666666,"occupied"
"ll6.JPG",0.8080678314491264,0.49350649350649356,75.87487153134634,71.31168831168831,"occupied"
"ll7.JPG",0.5670138888888889,1.6655844155844157,71.00000000000001,75.12662337662339,"occupied"
"ll8.JPG",1.7527056277056279,3.4199134199134202,74.1693722943723,75.1525974025974,"occupied"
"ll9.JPG",4.562289562289562,1.8863636363636362,77.28956228956228,77.79004329004329,"occupied"
"m1.JPG",7.878586065573771,4.359307359307359,106.22284836065575,101.52597402597404,"occupied"
"m2.JPG",2.6450216450216453,4.2770562770562774,100.34199134199135,102.1991341991342,"occupied"
"m3.JPG",4.52707912032356,2.380952380952381,101.78997093023257,99.24242424242424,"occupied"
"m4.JPG",1.760759829968119,3.74025974025974,103.46107863974495,103.20779220779221,"occupied"
"m5.JPG",2.040656008820287,2.982683982683983,101.56877067254686,100.26406926406926,"occupied"
"m6.JPG",2.7721861471861473,3.067099567099567,103.75054112554113,100.38852813852813,"occupied"
"m7.JPG",4.408584953940634,2.588744588744589,104.1629350051177,98.14718614718615,"occupied"
"m8.JPG",4.190864158163265,4.142857142857142,109.6194355867347,105.58008658008657,"occupied"
"m9.JPG",2.7560000000000002,8.84848484848485,101.97200000000001,103.15151515151516,"occupied"
"mm1.JPG",0.7562202026221693,5.461038961038962,74.95407479141836,83.61038961038962,"occupied"
"mm2.JPG",2.227833894500561,3.4134199134199132,78.00785634118967,81.83225108225108,"occupied"
"mm3.JPG",1.387036219081272,3.3506493506493507,75.64145318021201,80.13636363636363,"occupied"
"mm4.JPG",5.704004329004329,3.7727272727272725,79.8111471861472,81.47294372294371,"occupied"
"mm5.JPG",3.830178669222344,0.18614718614718614,80.17190922782038,81.8116883116883,"occupied"
"mm6.JPG",3.1316026410564226,6.893939393939394,80.60339135654262,87.5530303030303,"occupied"
"mm7.JPG",8.172101449275363,2.353896103896104,82.4981884057971,81.63311688311688,"occupied"
"mm8.JPG",3.8376232201533407,2.366883116883117,77.35350492880613,81,"occupied"
"mm9.JPG",2.803336466165413,3.7012987012987013,81.51511591478697,88.93398268398268,"occupied"
"n1.JPG",0.33018488745980706,2.3863636363636362,100.42236066452304,104.0909090909091,"occupied"
"n2.JPG",1.5633116883116884,7.990259740259741,102.65746753246754,107.00000000000001,"occupied"
"n3.JPG",2.147976956055734,1.3636363636363635,99.74068863879955,100.68181818181817,"occupied"
"n4.JPG",0.5064935064935066,8.441558441558442,97.07792207792208,100.84848484848486,"occupied"
"n5.JPG",6.044418668122271,5.78030303030303,105.08371997816595,105.57900432900433,"occupied"
"n6.JPG",7.8009006550218345,11.030303030303031,104.25941593886463,107.39393939393939,"occupied"
"n7.JPG",2.1013051275239105,1.7370129870129871,103.10874402231669,104.56818181818183,"occupied"
"n8.JPG",3.8908242561105206,2.5952380952380953,108.7569241498406,106.28679653679654,"occupied"
"n9.JPG",4.246480263157895,3.623376623376623,109.404375,105.77922077922078,"occupied"
"nn1.JPG",1.201080931263858,0.6287878787878788,78.60906319290466,81.56277056277055,"occupied"
"nn2.JPG",0.989802071509648,0.8279220779220778,77.76051716799091,83.80411255411255,"occupied"
"nn3.JPG",1.8172708569807037,0.6439393939393939,76.4733435017026,80.21645021645021,"occupied"
"nn4.JPG",2.785383968609865,1.788961038961039,83.39524943946188,85.39935064935065,"occupied"
"nn5.JPG",4.112346625766871,1.5638528138528138,83.3454754601227,83.43614718614718,"occupied"
"nn6.JPG",0.15293614595210947,0.42207792207792205,73.47790763968072,76.81818181818181,"occupied"
"nn7.JPG",1.3468898632580262,7.0313852813852815,76.18279949464923,84.85822510822511,"occupied"
"nn8.JPG",0.45027573529411763,2.029220779220779,68.9632169117647,74.18831168831169,"occupied"
"nn9.JPG",0.30523255813953487,5.491341991341991,79.65406976744187,85.53463203463204,"occupied"
"o1.JPG",0.8271287194473964,1.1580086580086582,106.58377058979809,106.3051948051948,"occupied"
"o2.JPG",1.2326668006430868,1.2380952380952381,104.43202371382637,103.54978354978356,"occupied"
"o3.JPG",1.4118852459016393,0.46320346320346323,104.74740437158471,105.49458874458875,"occupied"
"o4.JPG",0.5643605292171995,2.431818181818182,103.59633406835721,105.95779220779222,"occupied"
"o5.JPG",1.976931330472103,1.6515151515151516,107.3739270386266,106.05086580086581,"occupied"
"o6.JPG",5.572708113804004,1.2976190476190477,110.37355110642781,106.99458874458875,"occupied"
"o8.JPG",2.7170272877618524,2.713203463203463,106.41382993384785,106.16883116883116,"occupied"
"o9.JPG",1.4100690754516472,1.1688311688311688,107.20178002125398,104.61038961038962,"occupied"
"oo1.JPG",2.633588209219858,2.775974025974026,86.23997118794325,89.34523809523809,"occupied"
"oo2.JPG",0.48393261608154026,0.487012987012987,77.71836070215177,84.05844155844156,"occupied"
"oo3.JPG",0.6742269306282722,2.6515151515151514,76.58522169502618,88.45454545454547,"occupied"
"oo4.JPG",2.505037313432836,0.6060606060606061,85.00354477611941,78.008658008658,"occupied"
"oo5.JPG",4.232095025510204,4.703463203463204,82.70964604591836,80.40259740259741,"occupied"
"oo6.JPG",0.05277061855670103,1.2121212121212122,79.80947164948454,78.26839826839827,"occupied"
"oo7.JPG",0.45703125,1.2121212121212122,77.90895432692308,80,"occupied"
"oo8.JPG",0.47918807810894143,1.1515151515151516,73.90159301130525,75.50649350649351,"occupied"
"oo9.JPG",4.17063192346425,0.7792207792207791,81.42340130916416,77.14285714285714,"occupied"
"p1.JPG",2.5361430062630483,3.9285714285714284,107.7302974947808,106.66666666666666,"occupied"
"p2.JPG",1.5277322404371585,1.6212121212121213,104.97909836065574,103.6417748917749,"occupied"
"p3.JPG",2.1013051275239105,2.3160173160173163,105.77293105738576,103.75757575757576,"occupied"
"p4.JPG",3.4706276824034332,2.4242424242424243,110.52964055793991,107.39393939393939,"occupied"
"p5.JPG",1.180210547290117,5.165584415584416,105.53408939957492,108.71753246753246,"occupied"
"p6.JPG",1.4417080203862662,6.653679653679654,110.03076381437769,112.86147186147187,"occupied"
"p7.JPG",0.5148678414096917,5.212121212121212,105.42676211453745,109.21212121212122,"occupied"
"p8.JPG",3.631981382978723,6.237012987012987,109.94581117021276,112.5108225108225,"occupied"
"p9.JPG",0.8237408810325476,5.285714285714286,104.94158599887766,108.83766233766234,"occupied"
"pp1.JPG",1.0949639289678135,1.367965367965368,76.47121254162042,76.0930735930736,"occupied"
"pp2.JPG",0.3326944140197152,4.207792207792208,76.12677984665936,80.56168831168831,"occupied"
"pp3.JPG",2.252938034188034,0.9404761904761906,79.09054487179488,77.2900432900433,"occupied"
"pp4.JPG",0.0828177727784027,0.7694805194805195,74.80047806524185,74.72510822510823,"occupied"
"pp5.JPG",1.948596256684492,1.9285714285714286,79.47586898395723,78.72077922077922,"occupied"
"pp6.JPG",0.6574675324675325,1.2272727272727273,78.15097402597404,79.5974025974026,"occupied"
"pp7.JPG",2.147727272727273,1.7532467532467533,80.25487012987013,76.26623376623377,"occupied"
"pp8.JPG",1.0528071500503526,0.9523809523809523,82.5492824773414,79.13419913419912,"occupied"
"pp9.JPG",1.304250263991552,1.5584415584415583,79.58091341077085,75.4978354978355,"occupied"
"q1.JPG",0.76180403930131,3.123376623376623,104.6373498908297,107.63636363636364,"occupied"
"q2.JPG",2.745177469135802,5.4058441558441555,105.42194514590346,110.03896103896103,"occupied"
"q3.JPG",1.465133733624454,3.214285714285714,106.53827783842794,107.14285714285712,"occupied"
"q4.JPG",0.4395207852193995,6.303030303030303,102.52959006928407,108.96969696969697,"occupied"
"q5.JPG",2.2424242424242427,4.606060606060606,103.81818181818183,108.12121212121212,"occupied"
"q6.JPG",8.255818965517241,9.22077922077922,110.86501436781607,112.85714285714285,"occupied"
"q7.JPG",2.083333333333333,1.6666666666666665,105.89285714285714,104.16666666666667,"occupied"
"q8.JPG",5.463917853509664,2.5,109.96646108850457,106.19047619047619,"occupied"
"q9.JPG",0.8580592105263158,3.3896103896103895,106.60016447368422,106.94805194805195,"occupied"
"qq1.JPG",3.2063377632898695,0.329004329004329,80.18928660982948,72.3809523809524,"occupied"
"qq2.JPG",2.170142555438226,3.463203463203463,81.48587645195354,78.00865800865802,"occupied"
"qq3.JPG",2.3870989304812835,2.62987012987013,78.51116310160428,77.31818181818181,"occupied"
"qq4.JPG",2.2530080213903743,1.8863636363636362,79.15568181818182,78.86796536796537,"occupied"
"qq5.JPG",0.4084663120567376,2.2456709956709955,75.24061761229314,76.53246753246752,"occupied"
"qq6.JPG",0.6666666666666666,6.095238095238095,75.52380952380952,81.14285714285714,"occupied"
"qq7.JPG",5.664304812834224,1.303030303030303,81.6846256684492,77.34415584415584,"occupied"
"qq8.JPG",0.5079408543263965,0.7012987012987013,76.12677984665936,76.44155844155844,"occupied"
"qq9.JPG",1.7878843582887702,5.058441558441559,78.04136029411765,78.36147186147187,"occupied"
"r1.JPG",1.6552852811466372,1.4155844155844157,103.70048925027562,102.62987012987014,"occupied"
"r2.JPG",0.8818913755458515,3.123376623376623,104.03691320960698,107.87662337662339,"occupied"
"r3.JPG",1.9207714943705219,0.6818181818181818,104.39978889457524,103.75,"occupied"
"r4.JPG",2.6450939457202503,1.4025974025974026,106.81210855949895,105.1948051948052,"occupied"
"r5.JPG",3.290647412909836,5.326839826839827,107.02835233094262,105.72619047619048,"occupied"
"r6.JPG",1.681973253275109,2.1233766233766236,103.90468067685589,106.05086580086581,"occupied"
"r7.JPG",4.844773471615721,2.642857142857143,108.72031932314411,106.67532467532467,"occupied"
"r8.JPG",1.4932006966773848,3.5064935064935066,105.82010316184352,106.12987012987013,"occupied"
"r9.JPG",2.6341932725199544,4.6850649350649345,110.0902936145952,110.66883116883115,"occupied"
"rr1.JPG",3.9049804687500003,1.7727272727272727,80.60185546875,74.53896103896103,"occupied"
"rr2.JPG",0.5617178612059158,2.9642857142857144,76.41609783845279,75.90367965367965,"occupied"
"rr3.JPG",3.637987012987013,3.593073593073593,79.72132034632034,78.95779220779221,"occupied"
"rr4.JPG",0.7096628745837957,2.9805194805194803,77.34229328523863,76.0909090909091,"occupied"
"rr5.JPG",0.7272727272727273,6.363636363636364,74.72727272727273,79.45454545454545,"occupied"
"rr6.JPG",3.1409031899109796,2.002164502164502,75.48808419881307,73.03896103896103,"occupied"
"rr7.JPG",2.2905844155844157,2.6049783549783547,77.20616883116884,77.70021645021644,"occupied"
"rr8.JPG",3.542306739345887,1.316017316017316,80.04379335976215,75.17748917748919,"occupied"
"rr9.JPG",0.3030764966740576,5.12012987012987,76.99265521064301,81.56277056277057,"occupied"
"s1.JPG",1.576016435986159,6.1147186147186146,106,110.06493506493506,"occupied"
"s2.JPG",0.7274669239250275,4.642857142857142,103.84543825799338,108.21428571428571,"occupied"
"s3.JPG",1.0924536026200873,1.8874458874458875,104.1404885371179,104.87121212121212,"occupied"
"s4.JPG",0.11925287356321838,0.36796536796536794,93.36063218390804,83.7121212121212,"occupied"
"s5.JPG",1.1619660460021906,4.85064935064935,79.38978641840087,81.2034632034632,"occupied"
"s6.JPG",4.095905748663101,2.3073593073593077,79.9055314171123,79.95887445887446,"occupied"
"s7.JPG",4.045454545454546,0.9090909090909092,90.5909090909091,80.18181818181819,"occupied"
"s8.JPG",5.256193124368048,1.8398268398268396,88.52717391304348,80.95238095238095,"occupied"
"s9.JPG",2.5,4.090909090909091,80.5909090909091,81.72727272727273,"occupied"
"ss1.JPG",0.2605252867570386,0.9404761904761906,73.88096324296143,73.4426406926407,"occupied"
"ss2.JPG",0.37319711538461536,2.3376623376623376,71.16165865384615,78.44155844155844,"occupied"
"ss3.JPG",0.9727039400665927,3.2435064935064934,73.57203801331853,78.10714285714285,"occupied"
"ss4.JPG",3.35219211123723,6.422077922077922,79.76762911464245,81.8116883116883,"occupied"
"ss5.JPG",2.0416666666666665,3.9166666666666665,74.875,72.08333333333333,"occupied"
"ss6.JPG",0.7416563870614035,2.5627705627705626,71.9806914747807,71.03679653679653,"occupied"
"ss7.JPG",1.4615384615384617,0.711038961038961,74.61746361746363,69.76082251082252,"occupied"
"ss8.JPG",0.8039242590559824,1.7380952380952381,71.1442096597146,71.3409090909091,"occupied"
"ss9.JPG",0.44091296928327645,2.484848484848485,71.96309726962457,74.27922077922078,"occupied"
"t1.JPG",3.476190476190476,4.095238095238095,80.52380952380952,83.71428571428572,"occupied"
"t2.JPG",8.646694825141777,1.2575757575757576,93.32060786862003,81.11363636363636,"occupied"
"t3.JPG",0.5454545454545454,2.6363636363636362,81.27272727272728,82.27272727272728,"occupied"
"t4.JPG",4.069148936170213,5.428571428571428,83.16769316909294,87.33333333333333,"occupied"
"t5.JPG",3.156609195402299,2.0238095238095237,78.83477011494253,80.95238095238093,"occupied"
"t6.JPG",2.9744839449541285,3.6190476190476186,82.73824541284404,83.52380952380952,"occupied"
"t7.JPG",2.45590490797546,3.4956709956709955,85.73811349693251,82.51623376623375,"occupied"
"t8.JPG",4.515402519167579,4.415584415584416,82.8111308871851,84.08008658008657,"occupied"
"t9.JPG",1.857142857142857,5.333333333333333,81.47619047619048,84.57142857142857,"occupied"
"tt1.JPG",0.467209748083242,1.6558441558441557,75.81879791894852,77.54870129870129,"occupied"
"tt2.JPG",3.6903494488977957,1.4610389610389611,78.2785258016032,72.48376623376623,"occupied"
"tt3.JPG",4.01171875,0.658008658008658,76.83984375,71.55844155844156,"occupied"
"tt4.JPG",3.0416666666666665,1.25,76.875,72.25,"occupied"
"tt5.JPG",3.5844155844155843,2.571428571428571,74.96103896103895,71.84415584415584,"occupied"
"tt6.JPG",3.962548402710552,0.735930735930736,73.92963455953533,66.30735930735932,"occupied"
"tt7.JPG",2.1570543374642517,1.2012987012987013,78.14942802669209,73.19913419913419,"occupied"
"tt8.JPG",0.5796533558792925,1.9220779220779218,75.17590725806451,72.7186147186147,"occupied"
"tt9.JPG",2.3214285714285716,2.448051948051948,74.75,72.0909090909091,"occupied"
"u1.JPG",3.879402920962199,3.7012987012987013,82.0638244558992,89.02597402597402,"occupied"
"u2.JPG",2.5725000000000002,1.1580086580086582,81.24284482758621,81.40800865800865,"occupied"
"u3.JPG",6.282467532467533,2.606060606060606,84.46428571428572,82.46320346320347,"occupied"
"u4.JPG",0.1663472070098576,1.5086580086580088,78.23863636363637,79.95887445887446,"occupied"
"u5.JPG",2.2107558139534884,1.9545454545454546,79.88517441860465,81.71861471861472,"occupied"
"u6.JPG",2.329022988505747,1.6558441558441557,78.83477011494251,82.33225108225108,"occupied"
"u7.JPG",1.2459886491031391,2.1406926406926408,80.24486757286996,82.09090909090908,"occupied"
"u8.JPG",3.566670127353267,1.12987012987013,81.88339216500553,83.32792207792208,"occupied"
"u9.JPG",2.842973705073996,2.3354978354978355,83.53007729915434,80.03571428571428,"occupied"
"uu1.JPG",0.27131304824561403,0.2435064935064935,73.45990953947368,72.1590909090909,"occupied"
"uu2.JPG",1.1101095085470085,3.7337662337662336,74.9989983974359,73.78246753246754,"occupied"
"uu3.JPG",0.4890773104265403,5.25974025974026,72.99855598341232,76.79220779220779,"occupied"
"uu4.JPG",0.125,1.25,73.625,70.83333333333333,"occupied"
"uu5.JPG",2.037516447368421,0.30735930735930733,70.73435855263158,69.15584415584415,"occupied"
"uu6.JPG",0.4642857142857143,0.5064935064935066,73.6525974025974,71.33116883116884,"occupied"
"uu7.JPG",1.008322775900901,2.303030303030303,72.52859304617118,72.70995670995671,"occupied"
"uu8.JPG",1.4996217105263157,0.461038961038961,72.65541118421052,69.30952380952381,"occupied"
"uu9.JPG",0.7135087025316456,1.0692640692640694,75.50464794303797,72.38095238095238,"occupied"
"v1.JPG",1.654647435897436,2.222943722943723,78.49225427350427,77.2900432900433,"occupied"
"v2.JPG",3.8095238095238093,2.761904761904762,84.95238095238095,85.14285714285714,"occupied"
"v3.JPG",0.1389627659574468,2.3354978354978355,75.15078309692672,81.74242424242424,"occupied"
"v4.JPG",2.2272727272727275,1.9090909090909092,84.68181818181819,82.72727272727273,"occupied"
"v5.JPG",2.142857142857143,5.142857142857142,81.09523809523809,85.14285714285714,"occupied"
"v6.JPG",1.1818181818181819,2.8181818181818183,82.18181818181819,83.18181818181817,"occupied"
"v7.JPG",2.3181818181818183,2.5454545454545454,83.68181818181817,83.27272727272728,"occupied"
"v8.JPG",2.5228075916230366,0.974025974025974,92.69872382198953,90.00000000000001,"occupied"
"v9.JPG",1.8414502164502164,1.6168831168831168,81.51785714285714,82.37121212121212,"occupied"
"vv1.JPG",4.080959915611814,2.9545454545454546,79.43960970464134,74.2012987012987,"occupied"
"vv2.JPG",10.663167569659443,7.725108225108225,83.02849264705881,76.17316017316017,"occupied"
"vv3.JPG",6.791666666666666,4.25,80,74.33333333333333,"occupied"
"vv4.JPG",2.8878824715370017,0.38419913419913415,77.35562440702087,70.53896103896103,"occupied"
"vv5.JPG",0.1860656364749082,1.5194805194805194,68.00369109547124,75.97402597402598,"occupied"
"vv6.JPG",2.056742264416315,3.742424242424242,69.20160864978902,79.96969696969697,"occupied"
"vv7.JPG",1.3062568605927551,2.305194805194805,69.69264544456641,70.4621212121212,"occupied"
"vv8.JPG",0.875,6.166666666666666,69.45833333333333,75.83333333333333,"occupied"
"vv9.JPG",0.3049330616996508,0.38419913419913415,65.53659778812573,68.69480519480518,"occupied"
"w1.JPG",2.3931962025316453,2.279220779220779,78.51133966244726,75.8051948051948,"occupied"
"w2.JPG",0.5451036096256685,2.7510822510822512,80.08307152406418,79.78138528138528,"occupied"
"w3.JPG",3.110226104830421,0.7402597402597403,78.75256937307296,74.60173160173161,"occupied"
"w4.JPG",3.625,1.5,83.625,75,"occupied"
"w5.JPG",4.548178361138371,2.279220779220779,84.38723626104023,77.49350649350649,"occupied"
"w6.JPG",6.958333333333333,0.5,82.12499999999999,76.16666666666666,"occupied"
"w7.JPG",5.6022727272727275,4.990259740259741,85.16396103896105,76.07792207792208,"occupied"
"w8.JPG",3.035914702581369,5.2099567099567095,79.99999999999999,78.41883116883118,"occupied"
"w9.JPG",1.17785516336056,4.132034632034632,76.5605856184364,79.94588744588745,"occupied"
"ww1.JPG",0.5537474066390041,0.7575757575757576,72.34212914937758,69.84848484848484,"occupied"
"ww2.JPG",1.983173076923077,4.805194805194805,70.49278846153847,70.55627705627705,"occupied"
"ww3.JPG",1.5031175771971494,6.155844155844156,69.14207244655582,74.63961038961038,"occupied"
"ww4.JPG",2.0633012820512824,2.162337662337662,67.44791666666667,69.83549783549783,"occupied"
"ww5.JPG",3.3836137820512824,4.3019480519480515,69.55882745726497,73.13311688311687,"occupied"
"ww6.JPG",1.5834825997952917,1.9696969696969697,68.91818065506654,69.54545454545455,"occupied"
"ww7.JPG",0.3297970479704797,2.6785714285714284,65.03090405904058,72.8896103896104,"occupied"
"ww8.JPG",3.4749901211801895,1.5422077922077921,70.57614923603792,72.80844155844156,"occupied"
"ww9.JPG",0.6648359288097886,1.2175324675324675,68.06194382647386,71.9155844155844,"occupied"
"x1.JPG",0.8122294372294373,0.5984848484848485,78.2732683982684,75.06709956709956,"occupied"
"x2.JPG",1.6518433988764045,3.3722943722943723,78.8765625,79.87012987012989,"occupied"
"x3.JPG",0.7297841494845361,0.4383116883116883,79.06999033505153,76.70454545454545,"occupied"
"x4.JPG",5.053667123629113,0.5324675324675325,84.38168307577268,77.74025974025975,"occupied"
"x5.JPG",0.9322541194644696,0.8549783549783551,78.20516864057673,76.43506493506494,"occupied"
"x6.JPG",1.832263343403827,3.2034632034632033,81.51000755287009,78.18181818181817,"occupied"
"x7.JPG",4.720767195767196,2.25974025974026,85.24457671957673,85.02272727272727,"occupied"
"x8.JPG",0.8577586206896551,2.8517316017316015,78.83477011494253,82.14826839826839,"occupied"
"x9.JPG",2.965909090909091,5.3982683982683985,82.42901069518717,85.06926406926407,"occupied"
"y1.JPG",0.5979437229437229,2.7597402597402594,79.71049783549783,81.22835497835497,"occupied"
"y2.JPG",3.4200581395348837,2.41991341991342,82.67587209302326,81.62554112554112,"occupied"
"y3.JPG",0.9310112126245846,2.542207792207792,81.88339216500553,81.16233766233766,"occupied"
"y4.JPG",2.006377551020408,0.988095238095238,83.63086734693877,80.39502164502164,"occupied"
"y5.JPG",1.954189241486068,1.527056277056277,84.64459171826624,80.12554112554112,"occupied"
"y6.JPG",4.505385487528344,3.274891774891775,83.72307256235828,85.53246753246752,"occupied"
"y7.JPG",4.067140790742527,1.2424242424242424,84.62258919961427,80.58008658008659,"occupied"
"y8.JPG",0.81992230854606,2.12987012987013,79.04411764705881,81.11255411255412,"occupied"
"y9.JPG",4.671536796536796,3.0822510822510822,86.35119047619048,84.47294372294371,"occupied"
"yy1.JPG",1.1525795828759606,2.305194805194805,68.54006586169045,70.4621212121212,"occupied"
"yy2.JPG",4.180194805194805,2.840909090909091,70.65746753246754,70.61688311688312,"occupied"
"yy3.JPG",4.675324675324675,1.1688311688311688,67.71428571428571,67.40259740259741,"occupied"
"yy4.JPG",0.4783549783549784,0.6623376623376624,67.22727272727272,68,"occupied"
"yy5.JPG",2.688311688311688,0.7792207792207793,69.54545454545455,69.97402597402598,"occupied"
"yy6.JPG",3.024839743589744,3.3636363636363633,71.69471153846153,71.03679653679653,"occupied"
"yy7.JPG",1.2549443975225227,1.8917748917748918,71.21327773085586,70.81818181818181,"occupied"
"yy8.JPG",0.2684128630705394,2.3896103896103895,66.1439315352697,68.77597402597402,"occupied"
"yy9.JPG",0.503810082063306,7.090909090909091,66.93288393903869,74.20129870129871,"occupied"
"z1.JPG",3.7470588235294118,2.1655844155844157,84.12352941176471,84.45779220779221,"occupied"
"z2.JPG",1.9523809523809523,1.7142857142857142,83.57142857142857,83.99999999999999,"occupied"
"z3.JPG",2.247484255202629,2.606060606060606,82.49940101314348,86,"occupied"
"z4.JPG",0.8003731343283582,1.4772727272727273,85.41828358208956,84.30303030303031,"occupied"
"z5.JPG",4.124458874458874,3.924242424242424,73.23917748917748,73.27922077922078,"occupied"
"z6.JPG",2.8844549499443826,2.963203463203463,67.27600111234706,70.87662337662337,"occupied"
"z7.JPG",1.5974025974025974,2.8051948051948052,66.8961038961039,70.83116883116882,"occupied"
"z8.JPG",1.0945847851335657,1.5800865800865802,64.9087543554007,69.4448051948052,"occupied"
"z9.JPG",0.22513440860215053,3.2034632034632033,65.0638440860215,69.9155844155844,"occupied"
"zz1.JPG",2.0571824907521576,6.212121212121213,71.99999999999999,78.71645021645023,"occupied"
"zz2.JPG",0.560064935064935,1.344155844155844,66.87175324675324,67.65584415584416,"occupied"
"zz3.JPG",1.375524193548387,5.25,81.91229838709678,97.60714285714285,"occupied"
"zz4.JPG",5.353694790486976,1.5584415584415585,81.71156568516423,87.66233766233766,"occupied"
"zz5.JPG",0.8338235294117647,2.730519480519481,70.76323529411764,85.68181818181819,"occupied"
"zz6.JPG",3.6218368902439027,3.0822510822510822,77.8047637195122,88.03679653679653,"occupied"
"zz7.JPG",3.6666666666666665,3.8095238095238093,73.28571428571429,83.71428571428571,"occupied"
"zz8.JPG",2.4545454545454546,2.6363636363636362,72.36363636363636,81.27272727272728,"occupied"
"zz9.JPG",1.5489232209737829,3.2142857142857144,76.43281835205993,87.46753246753246,"occupied"
"a1.JPG",2.8796857772877615,3.126623376623377,104.75399669239249,105.37878787878788,"empty"
"a2.JPG",0.897045517817372,2.8051948051948052,104.49392747772829,106.71428571428571,"empty"
"a3.JPG",0.6483685154525386,1.9318181818181817,101.82938396799116,103.29545454545455,"empty"
"a4.JPG",0.4107739420935412,2.6634199134199137,102.90520601336303,105.03138528138528,"empty"
"a5.JPG",0.5807377049180328,2.5,101.73920765027323,101.70454545454545,"empty"
"a6.JPG",1.125468917470525,1.3636363636363635,104.17155680600214,103.52272727272727,"empty"
"a7.JPG",4.047472236570248,1.4913419913419914,108.62598463326447,104.50865800865802,"empty"
"a8.JPG",1.284965498938429,2.3863636363636362,106.80832006369427,103.86363636363636,"empty"
"a9.JPG",1.402364505844846,0.5735930735930737,105.61490435706695,103.7056277056277,"empty"
"aa1.JPG",2.8490259740259742,4.032467532467533,75.7840909090909,74.86363636363637,"empty"
"aa2.JPG",4.940997888067582,4.415584415584416,78.28207497360084,76.1038961038961,"empty"
"aa3.JPG",1.4858012170385395,1.2987012987012987,73.77789046653145,72.24025974025975,"empty"
"aa4.JPG",9.209358288770053,6.3809523809523805,84.6927807486631,79.9047619047619,"empty"
"aa5.JPG",1.5956003289473684,2.1374458874458875,76.77323190789474,75.75108225108227,"empty"
"aa6.JPG",6.476190476190476,7.619047619047619,77.80952380952381,80,"empty"
"aa7.JPG",5.072376336898396,3.461038961038961,79.28414104278076,78.27272727272728,"empty"
"aa8.JPG",1.5993265993265993,2.515151515151515,74.95510662177328,78.59848484848484,"empty"
"aa9.JPG",5.248768153526971,0.3787878787878788,72.34212914937758,70,"empty"
"b1.JPG",0.15476190476190477,1.5335497835497836,102.6218820861678,104.28138528138528,"empty"
"b2.JPG",0.4540649829738933,3.705627705627706,100.48584704880817,103.9891774891775,"empty"
"b3.JPG",2.0835040983606556,3.0974025974025974,104.21465163934425,103.82034632034632,"empty"
"b4.JPG",1.3915704617834395,1.895021645021645,102.82469148089173,103,"empty"
"b5.JPG",1.5194805194805197,2.7012987012987013,101.24242424242425,102.98701298701299,"empty"
"b6.JPG",4.149077868852459,1.4913419913419914,105,103.36147186147187,"empty"
"b7.JPG",0.7467696629213484,3.155844155844156,100.77373595505618,105.66233766233765,"empty"
"b8.JPG",1.0795454545454546,1.9318181818181817,103.46590909090908,104.77272727272728,"empty"
"b9.JPG",1.8716887417218544,1.9134199134199135,99.93129139072848,102.53679653679654,"empty"
"bb1.JPG",0.009353620296465224,0.7694805194805195,73.5555337799316,75.23809523809524,"empty"
"bb2.JPG",2.596694640753828,6.142857142857142,76.94416224970553,82.37012987012986,"empty"
"bb3.JPG",2.14170848540146,3.0530303030303028,77.32783987226279,82.33333333333333,"empty"
"bb4.JPG",1.9523809523809523,1.3333333333333333,76.52380952380952,81.99999999999999,"empty"
"bb5.JPG",1.1974725943970768,2.6785714285714284,80.62256394640681,87.53571428571428,"empty"
"bb6.JPG",4.436830098493627,2.856060606060606,78.89801202201622,87.1590909090909,"empty"
"bb7.JPG",3.626369112814896,0.354978354978355,77.79504381161009,75.87662337662339,"empty"
"bb8.JPG",3.312716262975779,4.984848484848485,85.55031718569782,89.93939393939394,"empty"
"bb9.JPG",6.768819234642498,4.675324675324675,85.6671072507553,80,"empty"
"c1.JPG",2.8796857772877615,2.2002164502164505,103.1332690187431,105.6103896103896,"empty"
"c2.JPG",0.8530762806236081,1.8354978354978355,101.10029231625836,104.96753246753246,"empty"
"c3.JPG",0.8092948717948718,0.5627705627705628,99.21955128205128,100.51082251082252,"empty"
"c4.JPG",0.3651523109243698,0.5411255411255411,100.33574054621849,99.24242424242424,"empty"
"c5.JPG",1.0075864147909968,2.025974025974026,102.40630024115755,102.53679653679654,"empty"
"c6.JPG",0.24843927355278092,2.8051948051948052,101.26092508513052,105.54545454545453,"empty"
"c7.JPG",0.8757415838852097,0.7954545454545454,103,104.43181818181817,"empty"
"c8.JPG",0.8982449088960343,1.0227272727272727,103.94433279742765,101.93181818181817,"empty"
"c9.JPG",3.9905737704918036,2.727272727272727,103.6714480874317,102.61363636363636,"empty"
"cc1.JPG",2.3519008056394766,0.4329004329004329,82.9823136958711,78.35497835497836,"empty"
"cc2.JPG",0.8181818181818182,1.6363636363636365,79.81818181818181,78.81818181818183,"empty"
"cc3.JPG",2.7413793103448274,4.1396103896103895,82.92528735632183,84.1720779220779,"empty"
"cc4.JPG",1.6500831485587584,1.077922077922078,80.04587028824834,79.76623376623377,"empty"
"cc5.JPG",3.3432275339602926,0.538961038961039,80.80613244514106,80.39502164502164,"empty"
"cc6.JPG",0.7912457912457912,2.066017316017316,75.94276094276093,76.8917748917749,"empty"
"cc7.JPG",1.7636201629327903,0.7792207792207791,80.09865071283096,76.36363636363636,"empty"
"cc8.JPG",2.4514100609756095,2.2997835497835495,80.1143812361419,79.02056277056278,"empty"
"cc9.JPG",0.875,0.25,79.875,73.33333333333333,"empty"
"d1.JPG",2.4758059210526313,1.0324675324675325,104.13264802631578,102.09956709956711,"empty"
"d2.JPG",2.4664502164502164,1.9502164502164503,104.4512987012987,104.27922077922078,"empty"
"d3.JPG",1.4455178759200842,0.8917748917748918,103.65582281808624,102.6655844155844,"empty"
"d4.JPG",2.1479541619797526,0.5681818181818181,101,100.68181818181817,"empty"
"d5.JPG",2.534381959910913,0.5681818181818181,101.69473830734967,102.04545454545453,"empty"
"d6.JPG",0.6973776715410573,1.8354978354978355,99.94372187851519,103.93506493506493,"empty"
"d7.JPG",1.5623975409836066,1.5606060606060606,100.9984631147541,101.21645021645021,"empty"
"d8.JPG",3.4913157545164717,3.9372294372294374,105.07792574388948,105.61038961038962,"empty"
"d9.JPG",0.3328280044101433,0.6948051948051949,102.78597023153252,103.87337662337663,"empty"
"dd1.JPG",0.6981256599788807,0.5194805194805194,78.54184266103485,76.70995670995671,"empty"
"dd2.JPG",2.922077922077922,1.1688311688311688,80.53246753246752,70.98701298701299,"empty"
"dd3.JPG",0.45226793248945146,0.7597402597402597,76.90796413502109,72.93506493506493,"empty"
"dd4.JPG",1.7913346613545817,0.4383116883116883,82.69173306772909,76.61688311688312,"empty"
"dd5.JPG",1.3354295665634675,1.2424242424242424,81.03408797729618,77.91774891774892,"empty"
"dd6.JPG",3.8260856807511736,0.6233766233766234,74.98007629107981,68.33766233766234,"empty"
"dd7.JPG",2.445663875598086,0.2987012987012987,76.86288875598086,67.50649350649351,"empty"
"dd8.JPG",0.9677792159763313,2.25974025974026,75.37113227317555,70.9090909090909,"empty"
"dd9.JPG",1.4869391025641026,0.711038961038961,72.80078525641026,70.47186147186147,"empty"
"e1.JPG",2.448766538037486,2.922077922077922,103.77401460859978,104.72727272727272,"empty"
"e2.JPG",1.4478932584269664,2.688311688311688,102.87710674157304,103.9090909090909,"empty"
"e3.JPG",1.6715473233995584,0.6818181818181818,100.80620516004416,100,"empty"
"e4.JPG",0.39058956916099774,1.2976190476190477,101.20691609977324,103.4556277056277,"empty"
"e5.JPG",1.214185393258427,2.922077922077922,102.2928370786517,105.42857142857142,"empty"
"e6.JPG",4.025775547445256,1.5054112554112555,107.50231360792492,105.95779220779222,"empty"
"e7.JPG",2.8291876992561105,3.774891774891775,105.8079337141339,106.64069264069263,"empty"
"e8.JPG",2.8371212121212124,2.3160173160173163,103.93127705627707,104.91558441558443,"empty"
"e9.JPG",2.381972876151484,2.025974025974026,103.82516632548617,102.98701298701299,"empty"
"ee1.JPG",2.013265625,0.07900432900432901,73.429265625,71.26190476190477,"empty"
"ee2.JPG",1.2191675231243577,0.9870129870129871,74.47713257965056,72.87445887445888,"empty"
"ee3.JPG",1.2916666666666665,3.9166666666666665,75.20833333333333,74.25,"empty"
"ee4.JPG",4.471046425024826,0.5064935064935066,79.42635923535254,74.20129870129871,"empty"
"ee5.JPG",2.5785373900293256,2.2727272727272725,79.49349340175952,71.75324675324674,"empty"
"ee6.JPG",2.8057359307359304,3.5876623376623376,80.0784632034632,77.45670995670996,"empty"
"ee7.JPG",1.608815200210748,1.7045454545454546,75.85012183877765,72.88961038961038,"empty"
"ee8.JPG",0.0959003884572697,4.646103896103896,71.02930771365149,75.03896103896103,"empty"
"ee9.JPG",0.05528085443037974,2.4675324675324677,72.04895174050633,69.25541125541126,"empty"
"f1.JPG",2.481084619625138,3.774891774891775,102.75671857772878,103.21969696969697,"empty"
"f2.JPG",4.6094923551502145,5.595238095238095,104.29511467274678,104.04761904761904,"empty"
"f3.JPG",2.4404761904761902,3.214285714285714,103.03571428571428,103.8095238095238,"empty"
"f4.JPG",1.2626922575599584,2.0454545454545454,103.78406869134515,101.93181818181817,"empty"
"f5.JPG",2.332973565356004,3.705627705627706,103.34041246014877,104.45238095238096,"empty"
"f6.JPG",4.871315192743764,6.37012987012987,102.97562358276645,104.87121212121212,"empty"
"f7.JPG",3.8793290043290045,2.431818181818182,102.77326839826841,103.87337662337663,"empty"
"f8.JPG",5.487725583864119,1.8181818181818181,102.83273619957538,100.45454545454544,"empty"
"f9.JPG",4.61596705632306,3.212121212121212,103.54901700318808,102.67316017316018,"empty"
"ff1.JPG",3.1604956099815156,2.4242424242424243,77.50615180221811,70,"empty"
"ff2.JPG",4.459963768115942,1.1363636363636362,76.44836956521739,65.01623376623377,"empty"
"ff3.JPG",0.6985611054766735,1.3614718614718613,72.08699923935092,68.95454545454544,"empty"
"ff4.JPG",4.5,6.545454545454546,80.22727272727273,76.63636363636364,"empty"
"ff5.JPG",3.7113130128956624,3.292207792207792,71.32209847596717,71.41558441558442,"empty"
"ff6.JPG",1.997638888888889,3.3766233766233764,70.98875,71.07792207792207,"empty"
"ff7.JPG",4.057004422476587,1.37987012987013,70.3691792403746,71.5909090909091,"empty"
"ff8.JPG",1.1805941358024692,4.207792207792208,69.8139274691358,74.77597402597402,"empty"
"ff9.JPG",1.6582578855140186,1.7662337662337664,62.671108352803735,66.89610389610391,"empty"
"g1.JPG",8.510331371545547,2.159090909090909,105.99037231320368,100.11363636363636,"empty"
"g2.JPG",5.256140829694323,4.484848484848485,105.35002729257641,104.36363636363636,"empty"
"g3.JPG",7.3215031315240084,2.922077922077922,105.75991649269311,102.15584415584415,"empty"
"g4.JPG",2.4858552631578945,3.010822510822511,102.18059210526314,103.06277056277057,"empty"
"g5.JPG",3.342750826901874,3.010822510822511,100.35487872105843,101.09415584415585,"empty"
"g6.JPG",5.037337662337663,2.2002164502164505,103.81547619047619,103.52597402597402,"empty"
"g7.JPG",5.847943722943723,4.400432900432901,101.49945887445888,102.02056277056278,"empty"
"g8.JPG",8.44748743718593,2.2510822510822512,106.26457286432161,101.52380952380953,"empty"
"g9.JPG",5.573700657894737,2.6385281385281387,102.87054276315789,101.41125541125542,"empty"
"gg1.JPG",1.3368493690851735,2.1655844155844157,68.52927839116718,67.13311688311688,"empty"
"gg2.JPG",6.036037300399202,0.6915584415584415,75.04402133233533,65.62121212121211,"empty"
"gg3.JPG",3.0588274572649574,2.1915584415584415,73.61865651709401,71.83441558441558,"empty"
"gg4.JPG",0.5238869339045288,0.2532467532467533,68.67933369033048,74.53896103896105,"empty"
"gg5.JPG",1.786229792147806,0.4329004329004329,69.16498267898383,76.70995670995671,"empty"
"gg6.JPG",0.36363636363636365,0.2727272727272727,68.0909090909091,77.18181818181817,"empty"
"gg7.JPG",3.8450100806451615,0.44372294372294374,69.49017137096776,76.76406926406928,"empty"
"gg8.JPG",0.3955714285714286,0.40584415584415584,70.98985714285715,68.5064935064935,"empty"
"gg9.JPG",0.5866495768229166,1.2337662337662338,78.66086832682292,89.55086580086581,"empty"
"h1.JPG",7.111344134221311,2.6634199134199137,107.60724577356558,103.2943722943723,"empty"
"h2.JPG",3.0331105292171996,1.7532467532467533,101.78724503858875,101.22077922077922,"empty"
"h3.JPG",3.067844945355191,2.3376623376623376,103.16839139344262,103.55844155844156,"empty"
"h4.JPG",1.3372772828507795,3.705627705627706,98.96756681514476,101.44155844155844,"empty"
"h5.JPG",0.7738095238095237,3.9285714285714284,98.74999999999999,102.97619047619047,"empty"
"h6.JPG",2.784090909090909,2.2727272727272725,101.19318181818181,101.24999999999999,"empty"
"h7.JPG",2.857119161358811,1.575757575757576,101.88047372611464,100.62337662337663,"empty"
"h8.JPG",1.9594699100112487,2.1796536796536796,99.37004358830147,100.60822510822511,"empty"
"h9.JPG",2.728638368246968,2.409090909090909,99.27549614112459,101.75541125541126,"empty"
"hh1.JPG",0.23014088729016788,1.8917748917748918,73.87522482014388,85.82683982683982,"empty"
"hh2.JPG",4.398588594994312,1.6558441558441557,90.36332124573379,97.58441558441558,"empty"
"hh3.JPG",0.11897590361445783,1.4285714285714284,74.07439759036144,83.52380952380952,"empty"
"hh4.JPG",7.590909090909091,0.5454545454545454,77.04545454545455,80.81818181818183,"empty"
"hh5.JPG",4.0408984375,0.354978354978355,70.4258984375,78.27272727272728,"empty"
"hh6.JPG",0.7071428571428571,2.7846320346320343,65.44999999999999,79.13744588744589,"empty"
"hh7.JPG",1.256885593220339,2.4415584415584415,80.4772245762712,93.18614718614718,"empty"
"hh8.JPG",3.2884402654867255,1.2662337662337664,74.54507743362832,84.25324675324676,"empty"
"hh9.JPG",2.1664195920303606,1.2662337662337662,85.59336456356736,73.27272727272728,"empty"
"i1.JPG",1.2708984375,2.9264069264069263,97.9083984375,102.31168831168831,"empty"
"i2.JPG",4.037348401323043,1.3896103896103897,101.0494762954796,102.9469696969697,"empty"
"i3.JPG",3.8457792207792205,2.6136363636363633,66.87175324675324,66.31168831168831,"empty"
"i4.JPG",1.3985272988505748,1.8668831168831168,64.75484913793105,67.8051948051948,"empty"
"i5.JPG",3.841931942919868,2.4588744588744587,67.2338090010977,66.38961038961038,"empty"
"i6.JPG",1.1897398222477065,1.9209956709956708,64.27116184059632,68.92532467532466,"empty"
"i7.JPG",3.3255008232711307,2.878787878787879,68.00826701427003,69.77272727272727,"empty"
"i8.JPG",1.652056277056277,2.305194805194805,66.12067099567099,68.77164502164501,"empty"
"i9.JPG",1.0837973273942094,0.8333333333333334,65.14615812917594,67.12121212121212,"empty"
"ii1.JPG",2.3105899298597192,2.1915584415584415,77.22341558116231,68.10064935064935,"empty"
"ii2.JPG",0.7916666666666666,0.8333333333333333,79.29166666666667,72.24999999999999,"empty"
"ii3.JPG",1.5344660746812386,0.5974025974025974,77.70932946265938,66.9090909090909,"empty"
"ii4.JPG",0.608296858908342,0.5909090909090909,80.32817327497426,70.9935064935065,"empty"
"ii5.JPG",5.735200528338137,7.438311688311688,92.53251080691643,84.55194805194805,"empty"
"ii6.JPG",4.694379214836223,2.366883116883117,89.90825204720615,79.1590909090909,"empty"
"ii7.JPG",5.722372972328244,2.83982683982684,91.88935770515266,78.36147186147187,"empty"
"ii8.JPG",1.8633185946462716,2.066017316017316,90.11188456022946,78.14935064935065,"empty"
"ii9.JPG",2.438629150390625,1.2012987012987013,74.26870727539062,69.67532467532466,"empty"
"j1.JPG",2.6855692219679637,4.324675324675324,66.27824656750572,70.63636363636363,"empty"
"j2.JPG",1.107142857142857,1,65.53571428571429,66,"empty"
"j3.JPG",2.82244785949506,1.8668831168831168,65.22420417124039,69,"empty"
"j4.JPG",4.2469325153374236,0.8831168831168832,67.41257668711657,65.05627705627707,"empty"
"j5.JPG",2.4090681696905016,2.25974025974026,66.37171491462114,68.18181818181817,"empty"
"j6.JPG",0.4224018895348837,2.6493506493506493,63.29333212209303,66.38961038961038,"empty"
"j7.JPG",4.03714989626556,1.590909090909091,69.23735736514523,69.62121212121212,"empty"
"j8.JPG",0.2885660535117057,2.134199134199134,63.41900083612041,67.63203463203465,"empty"
"j9.JPG",1.410160537870472,2.727272727272727,66.87668084522502,69.5844155844156,"empty"
"jj1.JPG",3.068301687763713,1.1818181818181819,78.59572784810126,75.21428571428572,"empty"
"jj2.JPG",1.3252164502164503,1.9664502164502167,73.74188311688312,72.92965367965368,"empty"
"jj3.JPG",2.1363636363636362,2.6363636363636362,77.5909090909091,79.63636363636364,"empty"
"jj4.JPG",2.04136690647482,1.3982683982683983,75.62821171634121,72.87445887445888,"empty"
"jj5.JPG",1.8135724656810983,4.103896103896104,77.85264321541712,77.03354978354979,"empty"
"jj6.JPG",3.353385416666667,2.878787878787879,75.35859375,72.46320346320347,"empty"
"jj7.JPG",1.8725218846549947,1.538961038961039,77.09394309989702,76.00757575757575,"empty"
"jj8.JPG",1.5342914438502675,4.491341991341991,77.44872994652407,77.96969696969697,"empty"
"jj9.JPG",0.7091535433070866,3.5497835497835495,73.4650590551181,76.27705627705627,"empty"
"k1.JPG",0.037216886467889905,3.304112554112554,64.34799670298165,67.69588744588744,"empty"
"k2.JPG",3.375,6.166666666666666,68.875,72.33333333333333,"empty"
"k3.JPG",3.2656926406926403,2.766233766233766,67.11958874458874,67.77272727272727,"empty"
"k4.JPG",3.1162909836065573,4.703463203463204,101.11629098360656,103.24675324675324,"empty"
"k5.JPG",0.671013779527559,2.0454545454545454,99.73963020247469,102.5,"empty"
"k6.JPG",2.2581168831168834,5.095238095238096,101.73106060606061,103.87337662337663,"empty"
"k7.JPG",1.8443803078556265,3.4891774891774894,101.09278795116774,102.76190476190477,"empty"
"k8.JPG",3.519140625,2.7012987012987013,102.18164062500001,100.84848484848484,"empty"
"k9.JPG",2.162865085744909,1.1471861471861473,102.96993904072883,100.83766233766234,"empty"
"kk1.JPG",2.9072063178677197,0.948051948051948,77.142152023692,70.47186147186149,"empty"
"kk2.JPG",1.8858225108225106,2.3917748917748916,78.05465367965367,79.57251082251081,"empty"
"kk3.JPG",1.7339173640167362,2.2337662337662336,83.19312238493723,80.78787878787878,"empty"
"kk4.JPG",7.722799295774648,2.3376623376623376,76.92843309859155,68.8051948051948,"empty"
"kk5.JPG",0.9204545454545454,0.47727272727272724,63.78409090909091,59.65909090909091,"empty"
"kk6.JPG",2.152215304642166,0,73.52552284816247,63.51948051948052,"empty"
"kk7.JPG",0.19750519750519752,2.1331168831168834,70.5883575883576,71.65692640692642,"empty"
"kk8.JPG",0.6194637139807898,2.2911255411255413,73.51380736392744,71.97294372294373,"empty"
"kk9.JPG",0.5627520161290323,2.218614718614719,74.36920362903227,74.9891774891775,"empty"
"l1.JPG",2.399371169560776,0.5465367965367965,101.42082162921348,97.5021645021645,"empty"
"l2.JPG",1.869636689691817,3.010822510822511,103.45624667906482,100.86255411255411,"empty"
"l3.JPG",5.544140625,2.1385281385281387,102.631640625,101.1861471861472,"empty"
"l4.JPG",2.894518927444795,2.0064935064935066,100.7578207150368,99.87878787878789,"empty"
"l5.JPG",4.081640625,0.45021645021645024,103.86914062500001,99.27272727272727,"empty"
"l6.JPG",2.784090909090909,3.8636363636363633,101.875,102.38636363636363,"empty"
"l7.JPG",2.7740856986899565,3.9285714285714284,103.44439137554585,104.28571428571428,"empty"
"l8.JPG",0.47334558823529416,2.380952380952381,98.82103466386555,100,"empty"
"l9.JPG",0.4769467213114754,2.6385281385281387,101.91956967213115,101.75541125541126,"empty"
"ll1.JPG",0.4545454545454546,4.818181818181818,73.72727272727273,79.45454545454545,"empty"
"ll2.JPG",0.4941447368421053,4.207792207792208,69.8983552631579,71.06493506493507,"empty"
"ll3.JPG",0.69843916755603,2.686147186147186,70.1178628601921,65.8896103896104,"empty"
"ll4.JPG",0.4664678675754625,0.5454545454545454,69.58039191820838,61.15909090909091,"empty"
"ll5.JPG",0.4971479391560353,0.16883116883116883,80.42060230618253,73.6948051948052,"empty"
"ll6.JPG",0.4810897435897436,1.3246753246753247,74.06467948717949,72,"empty"
"ll7.JPG",0.7699280104712042,0.19480519480519481,90.06940445026179,86.2987012987013,"empty"
"ll8.JPG",1.1076839826839826,1.0595238095238095,86.73647186147186,85.33982683982684,"empty"
"ll9.JPG",1.8636363636363638,2.272727272727273,85.95454545454545,78.18181818181817,"empty"
"m1.JPG",3.3003246753246755,1.9686147186147187,102.0784632034632,102.71536796536797,"empty"
"m2.JPG",2.7616109341825905,3.2954545454545454,102.26479564755839,104.43181818181817,"empty"
"m3.JPG",1.0571755573248407,4.235930735930736,99.14634753184714,103,"empty"
"m4.JPG",3.4237012987012987,4.204545454545454,104.69318181818183,105.3538961038961,"empty"
"m5.JPG",3.5390708735262595,3.4415584415584415,102.62588759378349,103.93506493506494,"empty"
"m6.JPG",1.9464285714285714,3.067099567099567,104.9301948051948,104.04545454545455,"empty"
"m7.JPG",2.5582063533057853,3.601731601731602,104.01378486570249,104,"empty"
"m8.JPG",1.090852330942623,1.9686147186147187,107.60724577356558,102.13636363636364,"empty"
"m9.JPG",1.9207529474812433,3.068181818181818,101.89931672025723,103.4090909090909,"empty"
"mm1.JPG",1.4987860710321865,1.4025974025974026,77.16693257491676,77.66883116883118,"empty"
"mm2.JPG",0,2.3073593073593077,73.2213054906542,74.27922077922078,"empty"
"mm3.JPG",4.7987553724928365,1.2987012987012987,83.38519281279846,74.18831168831169,"empty"
"mm4.JPG",0,2.24025974025974,67.46915584415584,67.13311688311688,"empty"
"mm5.JPG",1.9049060880829016,0.9567099567099568,65.69454339378238,62.701298701298704,"empty"
"n1.JPG",2.0583333333333336,3.1818181818181817,101.28456284153006,104.31818181818181,"empty"
"n2.JPG",3.9911184210526316,2.2002164502164505,105.53848684210526,104.56818181818181,"empty"
"n3.JPG",1.8752732240437158,4.053030303030304,102.89385245901639,104.22077922077922,"empty"
"n4.JPG",4.299683020948181,3.452380952380952,104.79802921719956,105.23809523809523,"empty"
"n5.JPG",3.329400510204082,4.805194805194805,103.68087443310658,106.79545454545455,"empty"
"n6.JPG",0.7175324675324675,0.6623376623376623,101.99999999999999,100.01298701298701,"empty"
"n7.JPG",3.064802631578947,2.3160173160173163,106.11743421052631,103.98917748917751,"empty"
"n8.JPG",1.8321945337620578,2.8950216450216453,104.85470257234726,103.2943722943723,"empty"
"n9.JPG",4.747475436681222,2.713203463203463,107.91341430131004,106.75865800865802,"empty"
"o1.JPG",5.745372854077253,2.4675324675324677,110.7507376609442,107.33766233766234,"empty"
"o2.JPG",3.8451200417536535,2.0238095238095237,108.68228079331942,105.47619047619047,"empty"
"o3.JPG",2.986080786026201,1.9567099567099566,109.72843886462883,109.33116883116882,"empty"
"o4.JPG",1.5886938935281838,2.5952380952380953,107.51144963465553,106.87662337662339,"empty"
"o5.JPG",2.4391821946169774,1.801948051948052,109.07272256728778,106.9155844155844,"empty"
"o6.JPG",3.6202581664910434,3.515151515151515,108.68348261327714,109.33333333333334,"empty"
"o7.JPG",3.212328767123288,0.5898268398268398,107.54109589041096,104.87121212121212,"empty"
"o8.JPG",2.042149631190727,4.444805194805195,107.27291886195997,108.83766233766234,"empty"
"o9.JPG",1.1412337662337662,2.2824675324675323,107.2159090909091,106.79545454545455,"empty"
"p1.JPG",0.10603057757644394,4,103.95540770101925,108.12121212121212,"empty"
"p2.JPG",4.585129310344827,2.1623376623376624,110.45242293625914,107.27597402597402,"empty"
"p3.JPG",1.484927652733119,0.8106060606060607,104.97045819935691,103.87337662337663,"empty"
"p4.JPG",0.863876529477197,1.4545454545454546,106.22650166852058,107.27272727272728,"empty"
"p5.JPG",2.644813681868743,2.5227272727272725,106.92067575083425,106.79545454545453,"empty"
"p6.JPG",0.7667748917748918,1.8874458874458875,105.04816017316017,107.82034632034633,"empty"
"p7.JPG",3.6278252480705624,2.042207792207792,106.9795341786108,106.07467532467533,"empty"
"p8.JPG",0,2.909090909090909,105.57575757575758,108.36363636363636,"empty"
"p9.JPG",1.7511232564377683,4.761904761904762,106.08159535944206,108.45238095238095,"empty"
"q1.JPG",4.238782051282051,1.7694805194805194,109.56698717948717,107.23051948051949,"empty"
"q2.JPG",0.3459051724137931,1.1904761904761905,106.03667269187987,105.95238095238095,"empty"
"q3.JPG",0.20283999463519314,2.976190476190476,105.36700308476397,109.16666666666667,"empty"
"q4.JPG",0.9193200778642936,2.713203463203463,105.74023220244716,108.29220779220779,"empty"
"q5.JPG",1.1724052601809956,3.235930735930736,106.56833286199095,108.52813852813853,"empty"
"q6.JPG",1.9182056229327453,2.738095238095238,107.77487596471886,109.4047619047619,"empty"
"q7.JPG",4.7272727272727275,2.1818181818181817,110.54545454545456,108.60606060606061,"empty"
"q8.JPG",3.3618490967056323,4.363636363636363,107.18544102019128,109.21212121212122,"empty"
"q9.JPG",4.440584763948498,1.9393939393939394,109.80217274678111,107.87878787878788,"empty"
"r1.JPG",4.6724049331963,2.1385281385281387,75.71043165467626,72.70995670995671,"empty"
"r2.JPG",4.125,1,74.70833333333333,73.08333333333333,"empty"
"r3.JPG",2.305291153415453,3.7564935064935066,80.98614221724523,85.4361471861472,"empty"
"r4.JPG",0.9660395408163266,3.577922077922078,79.2608241213152,83.98701298701299,"empty"
"r5.JPG",1.2847565406976744,4.142857142857143,78.89405886627907,83.89285714285714,"empty"
"r6.JPG",2.0698051948051948,1.7478354978354977,81.1823593073593,82.51623376623375,"empty"
"r7.JPG",2.185617469879518,1.224025974025974,80.08485076670318,82.38636363636364,"empty"
"r8.JPG",0,2.6677489177489178,77.7943648137369,80.58441558441558,"empty"
"r9.JPG",0.42857142857142855,2.095238095238095,78.9047619047619,87.33333333333331,"empty"
"s1.JPG",3.420922459893048,1.1677489177489178,81.49151069518717,81.47294372294373,"empty"
"s2.JPG",0.19047619047619047,0.9523809523809523,79.71428571428571,82.28571428571428,"empty"
"s3.JPG",2.3636363636363638,1.1818181818181819,80.81818181818181,82.0909090909091,"empty"
"s4.JPG",0.7223837209302325,2.6991341991341993,79.23401162790698,84.32467532467531,"empty"
"s5.JPG",2.151775804661487,1.1536796536796539,79.48806881243063,80.40259740259741,"empty"
"s6.JPG",1.118421052631579,2.4761904761904763,79.83622620380739,83.33333333333333,"empty"
"s7.JPG",4.373542274052478,1.2824675324675325,82.8808309037901,77.71753246753248,"empty"
"s8.JPG",0.2368592379385965,3.3766233766233764,76.98466625548247,78.87445887445887,"empty"
"s9.JPG",3.3974598930481283,1.9318181818181817,81.8552139037433,82.60822510822511,"empty"
"t1.JPG",4.497836538461538,2,90.17091346153846,81.61904761904762,"empty"
"t2.JPG",3.715371974123539,4.032467532467533,86.71620669866444,80.91233766233766,"empty"
"t3.JPG",3.9270601645907472,0.08982683982683982,88.6628252891459,79.31709956709956,"empty"
"t4.JPG",1.380952380952381,2.571428571428571,80.71428571428571,82.95238095238095,"empty"
"t5.JPG",1.291042780748663,2.326839826839827,82.33596256684493,83.76623376623377,"empty"
"t6.JPG",18.286184210526315,5.461038961038962,97.87067174515235,86.05844155844157,"empty"
"t7.JPG",19.85354393115942,2.3073593073593077,97.43687726449276,81.55627705627705,"empty"
"t8.JPG",21.91520235655738,2.1103896103896105,102.54225153688526,77.83116883116884,"empty"
"t9.JPG",11.045454545454545,3.090909090909091,92.86363636363637,83.45454545454545,"empty"
"u1.JPG",2.5062121594349143,1.077922077922078,82.43557643794146,78.95779220779221,"empty"
"u2.JPG",6.28804347826087,5.084415584415584,87.67934782608697,84.36363636363636,"empty"
"u3.JPG",4.958333333333333,2.6666666666666665,70.54166666666666,71.66666666666667,"empty"
"u4.JPG",1.125857142857143,2.2727272727272725,66.527,71.59090909090908,"empty"
"u5.JPG",0.8333333333333334,1.9870129870129871,63.50919540229885,66.89610389610391,"empty"
"u6.JPG",1.6439695389681668,2.0259740259740258,66.5649355104281,71.53246753246752,"empty"
"u7.JPG",1.2306563500533618,0.7683982683982683,65.70024012806832,67.31168831168831,"empty"
"u8.JPG",2.4359357619577304,0.5530303030303031,68.381430756396,69.9978354978355,"empty"
"u9.JPG",0.33098194130925507,0.8571428571428571,65.74858916478556,68.64935064935065,"empty"
"v1.JPG",1.2542878704720088,0.15584415584415584,66.64287184412734,67.32467532467531,"empty"
"v2.JPG",0.44554004854368934,2.8030303030303028,64.1227245145631,70.87662337662337,"empty"
"v3.JPG",2.0349233084862384,1.383116883116883,66.345703125,69.61688311688312,"empty"
"v4.JPG",1.7720905172413794,2.016233766233766,64.75484913793103,68.62662337662337,"empty"
"v5.JPG",3.0463776070252466,2.6136363636363633,65.44813391877058,68.77597402597402,"empty"
"v6.JPG",2.0698024054982818,0.31601731601731603,65.85330756013745,68.49675324675326,"empty"
"v7.JPG",0.14702560240963855,5.12987012987013,64.64582078313254,74.8961038961039,"empty"
"v8.JPG",5.220382462686567,13.43073593073593,71.02884017412936,82.24025974025975,"empty"
"v9.JPG",3.095238095238095,18.76190476190476,67.38095238095238,80.76190476190476,"empty"
"w1.JPG",4.704011664564944,18.12121212121212,75.93351986128626,85.82683982683983,"empty"
"w2.JPG",1.0066993733509235,18.58982683982684,69.09508987467018,84.37662337662337,"empty"
"w3.JPG",0.6337128928987195,17.938311688311686,69.97713547729919,83.98809523809523,"empty"
"w4.JPG",0.8758341277407055,2.242424242424242,74.38584366062918,74,"empty"
"w5.JPG",0.6745865292425696,2.0454545454545454,68.54035834132311,70,"empty"
"w6.JPG",4.119002822201317,1.817099567099567,77.68814675446848,73,"empty"
"w7.JPG",4.9862971985383675,4.675324675324676,80,80.16233766233766,"empty"
"w8.JPG",2.7393229166666666,2.0476190476190474,67,74.08658008658008,"empty"
"w9.JPG",1.4154437765205092,0.788961038961039,62.00000000000001,74.25,"empty"
"x1.JPG",1.1857078853046594,0.5606060606060606,65.62417861409797,71.11688311688312,"empty"
"x2.JPG",3.2928172737955346,2.220779220779221,66.79457990599295,72.54545454545455,"empty"
"x3.JPG",3.3290351941747574,1.0411255411255411,64.92369538834953,67.67316017316017,"empty"
"x4.JPG",2.7878076424870466,0.9567099567099568,67.7546470207254,66.30735930735932,"empty"
"x5.JPG",1.5418665349887135,3.2391774891774894,65.77437217832957,69.76082251082252,"empty"
"x6.JPG",8.961476795708956,3.6525974025974026,80.7851708255597,73.21428571428572,"empty"
"x7.JPG",2.557471264367816,6.991341991341991,79.70689655172414,77.45670995670996,"empty"
"x8.JPG",4.14110962566845,5.6103896103896105,80.08977272727273,76.61688311688312,"empty"
"x9.JPG",1.3127670940170941,5.215367965367966,74.38969017094017,74.81060606060606,"empty"
"y1.JPG",0.9084399332591768,2.5162337662337664,72.99999999999999,72.6461038961039,"empty"
"y2.JPG",0.2169471153846154,1.4610389610389611,71.18275908119658,71.42857142857143,"empty"
"y3.JPG",1.8393393393393394,1.2813852813852813,73.67117117117117,70.07575757575758,"empty"
"y4.JPG",0.3422239178690344,1.0389610389610389,73.66741814650389,71.5151515151515,"empty"
"y5.JPG",3.4173154555940024,0.6136363636363636,76.00000000000001,68.37662337662337,"empty"
"y6.JPG",4.539756016042781,0.5324675324675325,73.51408756684494,71.17316017316018,"empty"
"y7.JPG",5.945057492581602,1.2813852813852813,76.20915244807122,71.19696969696969,"empty"
"y8.JPG",1.2841350548446069,1.7272727272727273,75.6534220749543,73.03896103896105,"empty"
"y9.JPG",2.4588553530751707,3.463203463203463,73.87115603644646,73.67965367965368,"empty"
"z1.JPG",1.1735603932584269,1.577922077922078,74.96681882022472,78.28246753246754,"empty"
"z2.JPG",0.1974158653846154,2.7705627705627704,71.33203125,72.72727272727273,"empty"
"z3.JPG",0.125,1.6666666666666665,70.875,72.5,"empty"
"z4.JPG",1.7916666666666665,1.5833333333333333,75.20833333333333,73.33333333333333,"empty"
"z5.JPG",0.6255819366852886,1.396103896103896,81.35183891992551,76.78571428571428,"empty"
"z6.JPG",0.6550543763102725,6.471861471861472,81.4150124475891,83.63636363636364,"empty"
"z7.JPG",4.140780318091451,1.1114718614718615,76.54833499005963,72.33116883116882,"empty"
"z8.JPG",3.9657085561497327,2.7175324675324677,76.66945187165776,75.91558441558442,"empty"
"z9.JPG",6.659339598352214,0.5984848484848485,80.34214083419155,73.9556277056277,"empty"